{
    "train_mse": 34.52550851876027,
    "train_mae": 3.4126249184911175,
    "train_r2": 0.7383689721005082,
    "test_mse": 65.4383171519575,
    "test_mae": 5.933850843155249,
    "test_r2": 0.16511716075852045
}